Exp,AOI,Imp,Zero_Prop,Model,CRPS,RMSE,MAE
S8,GazeGL,Agr,0.05181347150259067,Bayes_HB,0.0033130560818088687,0.006988583761916065,0.005038765543745837
S8,GazeGL,Agr,0.05181347150259067,Bayes_Beta,0.003394853497873121,0.007010591218398274,0.005248389299407351
S8,GazeGL,Agr,0.05181347150259067,Logit_LMM,0.0033977718095005442,0.006952451653991504,0.005240678239778889
S8,GazeGL,Agr,0.05181347150259067,Freq_HB,0.003618867446711497,0.00751197458946844,0.005462360931534337
S8,GazeGL,Neu,0.02461139896373057,Bayes_HB,0.0035473559164447494,0.0071855286580102835,0.005284058640533289
S8,GazeGL,Neu,0.02461139896373057,Bayes_Beta,0.0035927847132131148,0.0071871962688270265,0.005451578468598725
S8,GazeGL,Neu,0.02461139896373057,Logit_LMM,0.0036164078985192476,0.007176473036309888,0.005512685177047912
S8,GazeGL,Neu,0.02461139896373057,Freq_HB,0.0038876643498889315,0.007828521272519208,0.0057686373882775005
S8,GazeGL,Ext,0.029411764705882353,Bayes_HB,0.0033066480305342545,0.006635111222554989,0.004994764542586334
S8,GazeGL,Ext,0.029411764705882353,Bayes_Beta,0.003371606093487868,0.00664561255884618,0.005196215688942183
S8,GazeGL,Ext,0.029411764705882353,Logit_LMM,0.0033980542033853,0.006626688287159463,0.005247454442027095
S8,GazeGL,Ext,0.029411764705882353,Freq_HB,0.003626706041488803,0.007185645388580633,0.005473112036133341
S8,GazeGL,Ope,0.028423772609819122,Bayes_HB,0.0030440779827361026,0.006349850144841247,0.004469061465222592
S8,GazeGL,Ope,0.028423772609819122,Bayes_Beta,0.003108169086423124,0.006360286471289643,0.004682654718063498
S8,GazeGL,Ope,0.028423772609819122,Logit_LMM,0.0031323847159133887,0.00636187276993964,0.0047649285975923505
S8,GazeGL,Ope,0.028423772609819122,Freq_HB,0.0034366536740671957,0.0070051255961941835,0.005074646829366436
S8,GazeGL,Con,0.02564102564102564,Bayes_HB,0.003682828411620247,0.007646766315956735,0.0054722709763144715
S8,GazeGL,Con,0.02564102564102564,Bayes_Beta,0.0037401389320303067,0.007660935146231169,0.0056763873517328145
S8,GazeGL,Con,0.02564102564102564,Logit_LMM,0.0037744718788789273,0.007639392063963787,0.005715462045683353
S8,GazeGL,Con,0.02564102564102564,Freq_HB,0.004179180106838371,0.008440888823903148,0.006222161606363361
S8,GazeFH,Agr,0.015544041450777202,Bayes_HB,0.0010591227770330837,0.002099931693686652,0.0015081402644609532
S8,GazeFH,Agr,0.015544041450777202,Bayes_Beta,0.0011675440452076384,0.002260829243086841,0.001765741757381108
S8,GazeFH,Agr,0.015544041450777202,Logit_LMM,0.0012312937947873948,0.002351816179593394,0.0018792067445794049
S8,GazeFH,Agr,0.015544041450777202,Freq_HB,0.0011918942072819921,0.0023300830544350725,0.001671804421040381
S8,GazeFH,Neu,0.011658031088082901,Bayes_HB,9.185423688675764e-4,0.001790532390091145,0.0012933706890259163
S8,GazeFH,Neu,0.011658031088082901,Bayes_Beta,0.0010206731599941806,0.001962246619415153,0.0015454796620991622
S8,GazeFH,Neu,0.011658031088082901,Logit_LMM,0.0011001041110453534,0.0020648218776649343,0.0016649592040454341
S8,GazeFH,Neu,0.011658031088082901,Freq_HB,0.0010667823001397768,0.0020527098757400983,0.001495341207459218
S8,GazeFH,Ext,0.026854219948849106,Bayes_HB,8.67238579396808e-4,0.0016097772027162368,0.0012294712180782685
S8,GazeFH,Ext,0.026854219948849106,Bayes_Beta,9.561530626868119e-4,0.001781296966768625,0.0014484817554516935
S8,GazeFH,Ext,0.026854219948849106,Logit_LMM,0.0010372522523741585,0.0019067799725018021,0.0015771643980424784
S8,GazeFH,Ext,0.026854219948849106,Freq_HB,9.862798094078511e-4,0.0018246374227449905,0.0013964029158226188
S8,GazeFH,Ope,0.021963824289405683,Bayes_HB,0.0010076129639598028,0.0018612553919193676,0.0014395420806578955
S8,GazeFH,Ope,0.021963824289405683,Bayes_Beta,0.0010871068734783316,0.0020143780363651035,0.0016369856428091669
S8,GazeFH,Ope,0.021963824289405683,Logit_LMM,0.001160234639010122,0.002134232180502893,0.0017705962437455543
S8,GazeFH,Ope,0.021963824289405683,Freq_HB,0.0011367427666318225,0.00208845473263495,0.0016006236854146376
S8,GazeFH,Con,0.015384615384615385,Bayes_HB,9.586691853625311e-4,0.001805829628225681,0.0013744942282849122
S8,GazeFH,Con,0.015384615384615385,Bayes_Beta,0.0010499847387659771,0.0019674282172726814,0.0016042848496065686
S8,GazeFH,Con,0.015384615384615385,Logit_LMM,0.0011311372882923383,0.0020837259776624426,0.0017256494325339105
S8,GazeFH,Con,0.015384615384615385,Freq_HB,0.00112259369486467,0.0021263818319200174,0.0015888431279881979
S8,GazeEB,Agr,0.011658031088082901,Bayes_HB,0.0020355264597452538,0.00439246049278198,0.0030016240620235404
S8,GazeEB,Agr,0.011658031088082901,Bayes_Beta,0.0021375958819028367,0.0044530409435971936,0.0032399112028456715
S8,GazeEB,Agr,0.011658031088082901,Logit_LMM,0.0021623695555527196,0.004465282576013229,0.0032830320537420663
S8,GazeEB,Agr,0.011658031088082901,Freq_HB,0.002440584050698491,0.005066881483416296,0.003599318856894897
S8,GazeEB,Neu,0.009067357512953367,Bayes_HB,0.001792529623535327,0.0037347433620488627,0.0026294973542049134
S8,GazeEB,Neu,0.009067357512953367,Bayes_Beta,0.001878907372121317,0.00378759288549894,0.00287591626287103
S8,GazeEB,Neu,0.009067357512953367,Logit_LMM,0.001951546185635539,0.003927591552890469,0.003010592224916055
S8,GazeEB,Neu,0.009067357512953367,Freq_HB,0.00226583512886366,0.004641286698928381,0.003328585823881429
S8,GazeEB,Ext,0.01278772378516624,Bayes_HB,0.0017101231454809142,0.0037734618047749876,0.002503734565728601
S8,GazeEB,Ext,0.01278772378516624,Bayes_Beta,0.0018085611789537884,0.003806982036440847,0.0027558480249543125
S8,GazeEB,Ext,0.01278772378516624,Logit_LMM,0.0018680173833951162,0.003878476094748076,0.0028497395394665383
S8,GazeEB,Ext,0.01278772378516624,Freq_HB,0.00210932099258203,0.00446284138501797,0.0031066377116867414
S8,GazeEB,Ope,0.014211886304909561,Bayes_HB,0.001358214022806261,0.0028552997785235104,0.0019938429725386074
S8,GazeEB,Ope,0.014211886304909561,Bayes_Beta,0.001456766185972594,0.0029180359950930967,0.0022371318358930187
S8,GazeEB,Ope,0.014211886304909561,Logit_LMM,0.0015296648690915331,0.003007927499672449,0.0023457172992760594
S8,GazeEB,Ope,0.014211886304909561,Freq_HB,0.0017149531117444266,0.0035162085025674285,0.002494262943685843
S8,GazeEB,Con,0.011538461538461539,Bayes_HB,0.0020538631600602064,0.0044589596755109555,0.0030149208126297664
S8,GazeEB,Con,0.011538461538461539,Bayes_Beta,0.002148062979390433,0.004531538452485542,0.0032478642318548943
S8,GazeEB,Con,0.011538461538461539,Logit_LMM,0.002213011300541502,0.00464075831387625,0.003385981699095867
S8,GazeEB,Con,0.011538461538461539,Freq_HB,0.0025609159053175167,0.005366073412738516,0.003709107946114288
S8,GazeEY,Agr,0.015544041450777202,Bayes_HB,0.002847225211853167,0.005640740098359324,0.004152385020249799
S8,GazeEY,Agr,0.015544041450777202,Bayes_Beta,0.0028800416773066234,0.005645518801327787,0.004298129520841444
S8,GazeEY,Agr,0.015544041450777202,Logit_LMM,0.0029089726631184787,0.005683689022892846,0.004383049351883877
S8,GazeEY,Agr,0.015544041450777202,Freq_HB,0.003225250457693428,0.006279445762032418,0.004621373762253294
S8,GazeEY,Neu,0.015544041450777202,Bayes_HB,0.0028630416869373835,0.005510795247528387,0.00413673148604784
S8,GazeEY,Neu,0.015544041450777202,Bayes_Beta,0.0028962008649946053,0.005532714928705917,0.004291587825780957
S8,GazeEY,Neu,0.015544041450777202,Logit_LMM,0.0029736029411747333,0.00563963018534404,0.004461931635843908
S8,GazeEY,Neu,0.015544041450777202,Freq_HB,0.003476021990607645,0.006575689093462859,0.004994351743197292
S8,GazeEY,Ext,0.016624040920716114,Bayes_HB,0.002453333109346549,0.004881414105115676,0.0035885007077601627
S8,GazeEY,Ext,0.016624040920716114,Bayes_Beta,0.002522173198290843,0.004935509662792169,0.0037800788346748055
S8,GazeEY,Ext,0.016624040920716114,Logit_LMM,0.0025582282718742346,0.004973669941453303,0.0038826825627844203
S8,GazeEY,Ext,0.016624040920716114,Freq_HB,0.002882807410750104,0.0056516655537897,0.004117828252103919
S8,GazeEY,Ope,0.011627906976744186,Bayes_HB,0.0024348009701689473,0.004774634890398536,0.003533734296495242
S8,GazeEY,Ope,0.011627906976744186,Bayes_Beta,0.0024887927624637103,0.004821650085720829,0.003720968781560887
S8,GazeEY,Ope,0.011627906976744186,Logit_LMM,0.0025262975002631996,0.0048773931666842765,0.003832464098280354
S8,GazeEY,Ope,0.011627906976744186,Freq_HB,0.0028250590068879676,0.00548168029566392,0.004108765256403691
S8,GazeEY,Con,0.02435897435897436,Bayes_HB,0.0027465836447952627,0.0053517772387625525,0.003983730145090717
S8,GazeEY,Con,0.02435897435897436,Bayes_Beta,0.0028068502469910635,0.005388504900239689,0.0041905682419203245
S8,GazeEY,Con,0.02435897435897436,Logit_LMM,0.0029085892159852003,0.00554814646709118,0.004374574423287936
S8,GazeEY,Con,0.02435897435897436,Freq_HB,0.003465644046484025,0.006656790994485672,0.005019545017748754
S8,GazeNO,Agr,0.04015544041450777,Bayes_HB,0.0011659995441953433,0.0024240722203002544,0.0017183576070521518
S8,GazeNO,Agr,0.04015544041450777,Bayes_Beta,0.0012618296168081023,0.002498682580027873,0.001956127173419359
S8,GazeNO,Agr,0.04015544041450777,Logit_LMM,0.0013669485774717898,0.00260632684857868,0.0020786256537447152
S8,GazeNO,Agr,0.04015544041450777,Freq_HB,0.0014559882170505991,0.0029251832109481145,0.0021072543663976906
S8,GazeNO,Neu,0.08678756476683938,Bayes_HB,0.001059180396431581,0.0022150858450979416,0.0016063683893283334
S8,GazeNO,Neu,0.08678756476683938,Bayes_Beta,0.0011943523776565437,0.0023304300786275017,0.0018657540510158119
S8,GazeNO,Neu,0.08678756476683938,Logit_LMM,0.0013091343377060177,0.0024192976228737655,0.0019779165100256815
S8,GazeNO,Neu,0.08678756476683938,Freq_HB,0.0012788592833775385,0.002653928313641554,0.0019020700991126123
S8,GazeNO,Ext,0.08312020460358056,Bayes_HB,0.0010798901149211713,0.002189093590369582,0.0016281582798366872
S8,GazeNO,Ext,0.08312020460358056,Bayes_Beta,0.001195190728530686,0.002287847657413533,0.0018809766143053103
S8,GazeNO,Ext,0.08312020460358056,Logit_LMM,0.0013207547667814015,0.0024087235275241847,0.0020099022511794185
S8,GazeNO,Ext,0.08312020460358056,Freq_HB,0.001358653554048305,0.0026946577941834443,0.0020261877831117283
S8,GazeNO,Ope,0.07622739018087855,Bayes_HB,0.00102896633584358,0.0020615136575213213,0.0015181653994804927
S8,GazeNO,Ope,0.07622739018087855,Bayes_Beta,0.001132580005196754,0.0021797038772443686,0.0017578946537880002
S8,GazeNO,Ope,0.07622739018087855,Logit_LMM,0.0012673203476694854,0.0023310708157938927,0.001911004170886906
S8,GazeNO,Ope,0.07622739018087855,Freq_HB,0.0013991696532951615,0.002806967620280124,0.002033556976465046
S8,GazeNO,Con,0.08974358974358974,Bayes_HB,0.0010122837476083987,0.0021152539098719704,0.0015338110557219695
S8,GazeNO,Con,0.08974358974358974,Bayes_Beta,0.0011550271739379071,0.0022534299893040045,0.001821228784013772
S8,GazeNO,Con,0.08974358974358974,Logit_LMM,0.001278816017015797,0.002359576759238936,0.0019437528659876804
S8,GazeNO,Con,0.08974358974358974,Freq_HB,0.001250343463374099,0.002600685890105672,0.0018359064086271957
S8,GazeMO,Agr,0.7603626943005182,Bayes_HB,2.5649341248221163e-4,9.055317507090329e-4,4.783729273869136e-4
S8,GazeMO,Agr,0.7603626943005182,Bayes_Beta,6.980413892061845e-4,0.0012693872692843599,0.0011432238220147068
S8,GazeMO,Agr,0.7603626943005182,Logit_LMM,9.606865996696252e-4,0.0013219936429799421,0.0012139715569699915
S8,GazeMO,Agr,0.7603626943005182,Freq_HB,3.055461655476316e-4,0.0010086567014042293,5.569731563088341e-4
S8,GazeMO,Neu,0.7875647668393783,Bayes_HB,2.3414204182067188e-4,9.659588496777234e-4,4.2844921509313223e-4
S8,GazeMO,Neu,0.7875647668393783,Bayes_Beta,6.962912939424926e-4,0.0013347391918432099,0.001146512661848621
S8,GazeMO,Neu,0.7875647668393783,Logit_LMM,9.77719881509514e-4,0.0013715476195369754,0.0012165712242553813
S8,GazeMO,Neu,0.7875647668393783,Freq_HB,3.101254848365358e-4,0.001161388022793886,7.051821138991259e-4
S8,GazeMO,Ext,0.7046035805626598,Bayes_HB,3.284075441796382e-4,0.0010787338018749652,5.69397594710986e-4
S8,GazeMO,Ext,0.7046035805626598,Bayes_Beta,7.366687942012023e-4,0.0013838459861629585,0.0012059859762406319
S8,GazeMO,Ext,0.7046035805626598,Logit_LMM,9.845967411596505e-4,0.0014376645247267388,0.0012830005980158997
S8,GazeMO,Ext,0.7046035805626598,Freq_HB,4.1425981237679853e-4,0.0012309867567316887,8.065302528137487e-4
S8,GazeMO,Ope,0.7080103359173127,Bayes_HB,2.726445599908812e-4,8.591629274915397e-4,4.900746488812799e-4
S8,GazeMO,Ope,0.7080103359173127,Bayes_Beta,6.758755105937225e-4,0.0012133813270021753,0.0011103513426790762
S8,GazeMO,Ope,0.7080103359173127,Logit_LMM,9.310113960467372e-4,0.001283527822892742,0.0011856467598193824
S8,GazeMO,Ope,0.7080103359173127,Freq_HB,3.408562316387046e-4,0.0010012582566596854,7.473793811240156e-4
S8,GazeMO,Con,0.7897435897435897,Bayes_HB,2.544617405552101e-4,0.0010500595463693598,4.6616740178113595e-4
S8,GazeMO,Con,0.7897435897435897,Bayes_Beta,7.047454682836949e-4,0.0013731906581912236,0.0011528175463607789
S8,GazeMO,Con,0.7897435897435897,Logit_LMM,9.809035895843583e-4,0.0014110544617937626,0.0012237981264449057
S8,GazeMO,Con,0.7897435897435897,Freq_HB,3.196505889129647e-4,0.0011987065527839077,6.928172410854673e-4
S12,GazeGL,Agr,0.05793450881612091,Bayes_HB,0.003730388625342999,0.00945736856570316,0.005552548566930302
S12,GazeGL,Agr,0.05793450881612091,Bayes_Beta,0.0038622635459322485,0.009514973205720298,0.0058680913947363605
S12,GazeGL,Agr,0.05793450881612091,Logit_LMM,0.00382426408364704,0.009367730250866808,0.005777614333938451
S12,GazeGL,Agr,0.05793450881612091,Freq_HB,0.004138501321820431,0.010394389693411187,0.006111223286567844
S12,GazeGL,Neu,0.03426395939086294,Bayes_HB,0.003443951127857373,0.008177486776637002,0.005008120986270746
S12,GazeGL,Neu,0.03426395939086294,Bayes_Beta,0.003502811578172776,0.008193804422569981,0.005209186992814951
S12,GazeGL,Neu,0.03426395939086294,Logit_LMM,0.0035347012149261675,0.00825360879451612,0.005282944237597611
S12,GazeGL,Neu,0.03426395939086294,Freq_HB,0.003836566190692058,0.009115172703367681,0.005538473654304527
S12,GazeGL,Ext,0.041561712846347604,Bayes_HB,0.003735676611576952,0.00877093925052006,0.005508076903950288
S12,GazeGL,Ext,0.041561712846347604,Bayes_Beta,0.003808505640091088,0.0088120717908741885,0.005751579397862739
S12,GazeGL,Ext,0.041561712846347604,Logit_LMM,0.0038113935213736384,0.008748267279859726,0.005716873362351137
S12,GazeGL,Ext,0.041561712846347604,Freq_HB,0.00426327017828194,0.010051480415961322,0.00624272399935045
S12,GazeGL,Ope,0.03634085213032581,Bayes_HB,0.003569286003400979,0.00893419118258361,0.005307788152446012
S12,GazeGL,Ope,0.03634085213032581,Bayes_Beta,0.0036574030936568293,0.008940388084996077,0.0055506508095809525
S12,GazeGL,Ope,0.03634085213032581,Logit_LMM,0.003662964711847206,0.008937191131326712,0.00549179898011568
S12,GazeGL,Ope,0.03634085213032581,Freq_HB,0.0039315073185071095,0.009812401060578799,0.005788134974331499
S12,GazeGL,Con,0.03156565656565657,Bayes_HB,0.003926102643986552,0.009097226366741823,0.005921925368275204
S12,GazeGL,Con,0.03156565656565657,Bayes_Beta,0.00400576713653246,0.009156252957296223,0.006154524166223999
S12,GazeGL,Con,0.03156565656565657,Logit_LMM,0.004044794236057899,0.00914695646052199,0.006140996121727559
S12,GazeGL,Con,0.03156565656565657,Freq_HB,0.004464204216273234,0.010528855459236534,0.00664949073161831
S12,GazeFH,Agr,0.003778337531486146,Bayes_HB,0.0011376813313279939,0.0021008050363566485,0.0016280488941905955
S12,GazeFH,Agr,0.003778337531486146,Bayes_Beta,0.0011986093784867701,0.002221384790542981,0.0018115646382604316
S12,GazeFH,Agr,0.003778337531486146,Logit_LMM,0.0012633309418256676,0.0023254202328807524,0.0019241089520957884
S12,GazeFH,Agr,0.003778337531486146,Freq_HB,0.001267085869126061,0.002351645502522761,0.0018100144472875193
S12,GazeFH,Neu,0.012690355329949238,Bayes_HB,9.442568595916404e-4,0.0017332440201988154,0.0013474292117832834
S12,GazeFH,Neu,0.012690355329949238,Bayes_Beta,0.001025049012608966,0.0018995964516220288,0.0015581542997125872
S12,GazeFH,Neu,0.012690355329949238,Logit_LMM,0.0010999436978108737,0.0020143548557918552,0.0016733395324080537
S12,GazeFH,Neu,0.012690355329949238,Freq_HB,0.0010517967580940789,0.0019457337578405035,0.0014815471454869358
S12,GazeFH,Ext,0.010075566750629723,Bayes_HB,8.769587353611033e-4,0.0015952876767923562,0.0012422469790389847
S12,GazeFH,Ext,0.010075566750629723,Bayes_Beta,9.557915081822404e-4,0.0017644518820765754,0.0014587822947490989
S12,GazeFH,Ext,0.010075566750629723,Logit_LMM,0.0010350003532649922,0.001883570047028064,0.0015775141403002037
S12,GazeFH,Ext,0.010075566750629723,Freq_HB,9.961387992120936e-4,0.0018210017924005035,0.0014115846304595151
S12,GazeFH,Ope,0.021303258145363407,Bayes_HB,9.420611160814728e-4,0.0017199477991639532,0.0013480998200837784
S12,GazeFH,Ope,0.021303258145363407,Bayes_Beta,0.0010078945702571428,0.0018556173028201589,0.001533563574709926
S12,GazeFH,Ope,0.021303258145363407,Logit_LMM,0.001085528455264757,0.0019793750331806416,0.0016599595379547115
S12,GazeFH,Ope,0.021303258145363407,Freq_HB,0.0010431425383770742,0.0019157312306748934,0.0014673705737177723
S12,GazeFH,Con,0.005050505050505051,Bayes_HB,0.0010629273140152142,0.002021099672615458,0.0015180449697338482
S12,GazeFH,Con,0.005050505050505051,Bayes_Beta,0.001138847143122046,0.0021525779457728773,0.0017352500192543657
S12,GazeFH,Con,0.005050505050505051,Logit_LMM,0.0012129236675554027,0.0022553727671017023,0.0018516569051319986
S12,GazeFH,Con,0.005050505050505051,Freq_HB,0.0012422521704672292,0.002372508835505341,0.00176889852096276
S12,GazeEB,Agr,0.005037783375314861,Bayes_HB,0.0020814895762353122,0.004381307587652121,0.0030643519505773494
S12,GazeEB,Agr,0.005037783375314861,Bayes_Beta,0.0021433477199223525,0.004401078630109975,0.003247350850108463
S12,GazeEB,Agr,0.005037783375314861,Logit_LMM,0.0021782128857078397,0.004441334339227735,0.0033256431293783692
S12,GazeEB,Agr,0.005037783375314861,Freq_HB,0.0024392282554021915,0.005046242930965531,0.003561700882567766
S12,GazeEB,Neu,0.006345177664974619,Bayes_HB,0.0019783873307257613,0.004005907134452023,0.002859329948549496
S12,GazeEB,Neu,0.006345177664974619,Bayes_Beta,0.002030316925554825,0.004050254319454515,0.0030274570481756903
S12,GazeEB,Neu,0.006345177664974619,Logit_LMM,0.002119868829913941,0.004202170545283544,0.0032059098588878595
S12,GazeEB,Neu,0.006345177664974619,Freq_HB,0.002466778388431242,0.005027402356374875,0.003583120070754103
S12,GazeEB,Ext,0.005037783375314861,Bayes_HB,0.0016763203527163976,0.0036269946799939883,0.0024448050053654967
S12,GazeEB,Ext,0.005037783375314861,Bayes_Beta,0.0017457383554623195,0.003646701321785274,0.0026434731390715402
S12,GazeEB,Ext,0.005037783375314861,Logit_LMM,0.0018387532127343,0.0037841102450737133,0.002798569872267107
S12,GazeEB,Ext,0.005037783375314861,Freq_HB,0.0020696092979917207,0.004361365196338003,0.003012615424755546
S12,GazeEB,Ope,0.010025062656641603,Bayes_HB,0.0016108791347238978,0.003461127254450781,0.0024093305293573794
S12,GazeEB,Ope,0.010025062656641603,Bayes_Beta,0.0016764390988458571,0.0034490732074436495,0.0025981819774178595
S12,GazeEB,Ope,0.010025062656641603,Logit_LMM,0.0017565893731449418,0.003576198105718268,0.0027182157790008495
S12,GazeEB,Ope,0.010025062656641603,Freq_HB,0.0019956624339863894,0.004250196193608859,0.002896857239400546
S12,GazeEB,Con,0.0025252525252525255,Bayes_HB,0.002110406840929375,0.004691923165512784,0.0030132041774376503
S12,GazeEB,Con,0.0025252525252525255,Bayes_Beta,0.002159579383724959,0.004659885000072655,0.003201926882603424
S12,GazeEB,Con,0.0025252525252525255,Logit_LMM,0.002195287587591441,0.004742490874720278,0.0032971974381567535
S12,GazeEB,Con,0.0025252525252525255,Freq_HB,0.002571918452707427,0.005534150259459108,0.0037181107271674796
S12,GazeEY,Agr,0.010075566750629723,Bayes_HB,0.002975082723822021,0.006165538811838892,0.004364188078062969
S12,GazeEY,Agr,0.010075566750629723,Bayes_Beta,0.003009182235907688,0.0061527471300111365,0.004541219962421228
S12,GazeEY,Agr,0.010075566750629723,Logit_LMM,0.0030359111015231823,0.006185973301495187,0.004576041498883638
S12,GazeEY,Agr,0.010075566750629723,Freq_HB,0.003460600554045839,0.007075269550563007,0.005098000129774118
S12,GazeEY,Neu,0.011421319796954314,Bayes_HB,0.002763623380684793,0.005552569810439864,0.004078744111547888
S12,GazeEY,Neu,0.011421319796954314,Bayes_Beta,0.002824894581703372,0.0056261170798149055,0.004294093057652863
S12,GazeEY,Neu,0.011421319796954314,Logit_LMM,0.0029140248342799406,0.00572836151180915,0.004402401368980589
S12,GazeEY,Neu,0.011421319796954314,Freq_HB,0.0035122421762769983,0.007088435034437383,0.005130168823316331
S12,GazeEY,Ext,0.0025188916876574307,Bayes_HB,0.0024204409151063386,0.004795369527686697,0.00357226049822602
S12,GazeEY,Ext,0.0025188916876574307,Bayes_Beta,0.0024459411232918143,0.004797500525122452,0.003709818181859082
S12,GazeEY,Ext,0.0025188916876574307,Logit_LMM,0.00252091926390053,0.004909869114215981,0.003840834454893057
S12,GazeEY,Ext,0.0025188916876574307,Freq_HB,0.002827792376170426,0.005675146350938223,0.004113326870278718
S12,GazeEY,Ope,0.0037593984962406013,Bayes_HB,0.002546081896017426,0.005192659050721912,0.0037401101910460068
S12,GazeEY,Ope,0.0037593984962406013,Bayes_Beta,0.002588630539507817,0.005222838497320449,0.003910550084478394
S12,GazeEY,Ope,0.0037593984962406013,Logit_LMM,0.0025928190531819234,0.005211891368133017,0.003967249555224687
S12,GazeEY,Ope,0.0037593984962406013,Freq_HB,0.002774708290143714,0.005681925439042687,0.004036621860260351
S12,GazeEY,Con,0.005050505050505051,Bayes_HB,0.0027788242628196446,0.00556937691726173,0.004007310894480166
S12,GazeEY,Con,0.005050505050505051,Bayes_Beta,0.002824266229913508,0.005613619574361949,0.004199175358859157
S12,GazeEY,Con,0.005050505050505051,Logit_LMM,0.002929866751831063,0.005720244915794443,0.0043314082707098175
S12,GazeEY,Con,0.005050505050505051,Freq_HB,0.00339996248573063,0.006798902092563232,0.004955981463761389
S12,GazeNO,Agr,0.028967254408060455,Bayes_HB,0.0013091127512012005,0.0029173768166475137,0.0018814229292843446
S12,GazeNO,Agr,0.028967254408060455,Bayes_Beta,0.00138375355146863,0.0029563617400147073,0.0020977786836112785
S12,GazeNO,Agr,0.028967254408060455,Logit_LMM,0.0014828301980343624,0.003090094440781627,0.0022410505557438664
S12,GazeNO,Agr,0.028967254408060455,Freq_HB,0.0015319811720353083,0.003340410281205538,0.0021757449158508165
S12,GazeNO,Neu,0.05203045685279188,Bayes_HB,0.0010339045703523515,0.0021599026752745784,0.001546604627591133
S12,GazeNO,Neu,0.05203045685279188,Bayes_Beta,0.0011509458905425863,0.002275745255931432,0.0018102887040441428
S12,GazeNO,Neu,0.05203045685279188,Logit_LMM,0.0012587612681812267,0.002362611190431073,0.0019217237437548038
S12,GazeNO,Neu,0.05203045685279188,Freq_HB,0.0012585118903993226,0.0025521181349960433,0.001862031565537257
S12,GazeNO,Ext,0.041561712846347604,Bayes_HB,0.001128684974472348,0.0024226480697278696,0.0016713995467133064
S12,GazeNO,Ext,0.041561712846347604,Bayes_Beta,0.0012401240686614142,0.0025332444046967098,0.0019266878502493515
S12,GazeNO,Ext,0.041561712846347604,Logit_LMM,0.0013475343936716535,0.0026401955800491165,0.0020492933717039404
S12,GazeNO,Ext,0.041561712846347604,Freq_HB,0.0014102771735817372,0.0029794333427122853,0.002037248911934309
S12,GazeNO,Ope,0.042606516290726815,Bayes_HB,0.00116895815679605,0.00245322833676181,0.0016777695879839664
S12,GazeNO,Ope,0.042606516290726815,Bayes_Beta,0.0012577501520883508,0.002539442194570691,0.0019156528650353555
S12,GazeNO,Ope,0.042606516290726815,Logit_LMM,0.0013675035882688492,0.002660057402902994,0.002067103857365402
S12,GazeNO,Ope,0.042606516290726815,Freq_HB,0.0014373470695946905,0.0028937434876335315,0.002044046216247325
S12,GazeNO,Con,0.06439393939393939,Bayes_HB,0.001176778831982682,0.0024289871500675587,0.0017544783579480252
S12,GazeNO,Con,0.06439393939393939,Bayes_Beta,0.0012852548532145823,0.002519707547535557,0.001995869704788122
S12,GazeNO,Con,0.06439393939393939,Logit_LMM,0.0013860797324974808,0.002607863952624003,0.0021057110624800954
S12,GazeNO,Con,0.06439393939393939,Freq_HB,0.0014112796835635995,0.0028104794909683734,0.0020727010897629563
S12,GazeMO,Agr,0.6574307304785895,Bayes_HB,4.7573726965390603e-4,0.001584207353951209,8.098337737007584e-4
S12,GazeMO,Agr,0.6574307304785895,Bayes_Beta,8.771332584240232e-4,0.0018168679787442037,0.0014200134415473988
S12,GazeMO,Agr,0.6574307304785895,Logit_LMM,0.0011010039785478087,0.0018344775095443637,0.0014801132762375744
S12,GazeMO,Agr,0.6574307304785895,Freq_HB,5.786943205775489e-4,0.0017846471297688453,0.0012067246721592264
S12,GazeMO,Neu,0.6408629441624365,Bayes_HB,5.141088013152538e-4,0.0016514263886339199,8.561482335344981e-4
S12,GazeMO,Neu,0.6408629441624365,Bayes_Beta,9.059728348374868e-4,0.0018837642821721823,0.001476636049899704
S12,GazeMO,Neu,0.6408629441624365,Logit_LMM,0.0011227570659726616,0.0019050020967460374,0.0015238089245774038
S12,GazeMO,Neu,0.6408629441624365,Freq_HB,6.956968762459613e-4,0.0019707988812356332,0.0013696170432479862
S12,GazeMO,Ext,0.5994962216624685,Bayes_HB,5.459420420557457e-4,0.0017076496954233369,9.13342573565184e-4
S12,GazeMO,Ext,0.5994962216624685,Bayes_Beta,9.005432879612294e-4,0.0018948447321456997,0.0014585563573980835
S12,GazeMO,Ext,0.5994962216624685,Logit_LMM,0.0011099828031107897,0.0019170103232877137,0.0015198367669959098
S12,GazeMO,Ext,0.5994962216624685,Freq_HB,6.622891321345106e-4,0.0019033327323704167,0.0011561251141999746
S12,GazeMO,Ope,0.5977443609022557,Bayes_HB,4.5935712188716814e-4,0.0012786317845259044,7.801644733647359e-4
S12,GazeMO,Ope,0.5977443609022557,Bayes_Beta,8.141876041426765e-4,0.0015355832697900918,0.0013356351462870994
S12,GazeMO,Ope,0.5977443609022557,Logit_LMM,0.0010325092744014152,0.0015923691377466606,0.001412146974162062
S12,GazeMO,Ope,0.5977443609022557,Freq_HB,5.871837317777829e-4,0.0015076189168583734,0.0011563729608723324
S12,GazeMO,Con,0.6679292929292929,Bayes_HB,4.7027086956500074e-4,0.0015680704134690105,8.11300018368216e-4
S12,GazeMO,Con,0.6679292929292929,Bayes_Beta,8.667376350429329e-4,0.0017903308104494963,0.0014062381237649518
S12,GazeMO,Con,0.6679292929292929,Logit_LMM,0.0010955761573196278,0.0018101081002694242,0.0014670588391302256
S12,GazeMO,Con,0.6679292929292929,Freq_HB,5.719010047950246e-4,0.0017594577216929206,0.0011570689267993144
